
--REGIONES

INSERT INTO region (id_region, nombre) VALUES (1, 'Tarapacá');
INSERT INTO region (id_region, nombre) VALUES(2, 'Antofagasta');
INSERT INTO region (id_region, nombre) VALUES(3, 'Atacama');
INSERT INTO region (id_region, nombre) VALUES(4, 'Coquimbo');
INSERT INTO region (id_region, nombre) VALUES(5, 'Valparaíso');
INSERT INTO region (id_region, nombre) VALUES(6, 'Región del Libertador Gral. Bernardo O’Higgins');
INSERT INTO region (id_region, nombre) VALUES(7, 'Región del Maule');
INSERT INTO region (id_region, nombre) VALUES(8, 'Región del Biobío');
INSERT INTO region (id_region, nombre) VALUES(9, 'Región de la Araucanía');
INSERT INTO region (id_region, nombre) VALUES(10, 'Región de Los Lagos');
INSERT INTO region (id_region, nombre) VALUES(11, 'Región Aisén del Gral. Carlos Ibáñez del Campo');
INSERT INTO region (id_region, nombre) VALUES(12, 'Región de Magallanes y de la Antártica Chilena');
INSERT INTO region (id_region, nombre) VALUES(13, 'Región Metropolitana de Santiago');
INSERT INTO region (id_region, nombre) VALUES(14, 'Región de Los Ríos');
INSERT INTO region (id_region, nombre) VALUES(15, 'Arica y Parinacota');

--PROVINCIAS

INSERT INTO provincia (id_provincia, nombre, id_region) VALUES (11, 'Iquique', 1);
INSERT INTO provincia (id_provincia, nombre, id_region) VALUES(14, 'Tamarugal', 1);
INSERT INTO provincia (id_provincia, nombre, id_region) VALUES(21, 'Antofagasta', 2);
INSERT INTO provincia (id_provincia, nombre, id_region) VALUES(22, 'El Loa', 2);
INSERT INTO provincia (id_provincia, nombre, id_region) VALUES(23, 'Tocopilla', 2);
INSERT INTO provincia (id_provincia, nombre, id_region) VALUES(31, 'Copiapó', 3);
INSERT INTO provincia (id_provincia, nombre, id_region) VALUES(32, 'Chañaral', 3);
INSERT INTO provincia (id_provincia, nombre, id_region) VALUES(33, 'Huasco', 3);
INSERT INTO provincia (id_provincia, nombre, id_region) VALUES(41, 'Elqui', 4);
INSERT INTO provincia (id_provincia, nombre, id_region) VALUES(42, 'Choapa', 4);
INSERT INTO provincia (id_provincia, nombre, id_region) VALUES(43, 'Limarí', 4);
INSERT INTO provincia (id_provincia, nombre, id_region) VALUES(51, 'Valparaíso', 5);
INSERT INTO provincia (id_provincia, nombre, id_region) VALUES(52, 'Isla de Pascua', 5);
INSERT INTO provincia (id_provincia, nombre, id_region) VALUES(53, 'Los Andes', 5);
INSERT INTO provincia (id_provincia, nombre, id_region) VALUES(54, 'Petorca', 5);
INSERT INTO provincia (id_provincia, nombre, id_region) VALUES(55, 'Quillota', 5);
INSERT INTO provincia (id_provincia, nombre, id_region) VALUES(56, 'San Antonio', 5);
INSERT INTO provincia (id_provincia, nombre, id_region) VALUES(57, 'San Felipe de Aconcagua', 5);
INSERT INTO provincia (id_provincia, nombre, id_region) VALUES(58, 'Marga Marga', 5);
INSERT INTO provincia (id_provincia, nombre, id_region) VALUES(61, 'Cachapoal', 6);
INSERT INTO provincia (id_provincia, nombre, id_region) VALUES(62, 'Cardenal Caro', 6);
INSERT INTO provincia (id_provincia, nombre, id_region) VALUES(63, 'Colchagua', 6);
INSERT INTO provincia (id_provincia, nombre, id_region) VALUES(71, 'Talca', 7);
INSERT INTO provincia (id_provincia, nombre, id_region) VALUES(72, 'Cauquenes', 7);
INSERT INTO provincia (id_provincia, nombre, id_region) VALUES(73, 'Curicó', 7);
INSERT INTO provincia (id_provincia, nombre, id_region) VALUES(74, 'Linares', 7);
INSERT INTO provincia (id_provincia, nombre, id_region) VALUES(81, 'Concepción', 8);
INSERT INTO provincia (id_provincia, nombre, id_region) VALUES(82, 'Arauco', 8);
INSERT INTO provincia (id_provincia, nombre, id_region) VALUES(83, 'Biobío', 8);
INSERT INTO provincia (id_provincia, nombre, id_region) VALUES(84, 'Ñuble', 8);
INSERT INTO provincia (id_provincia, nombre, id_region) VALUES(91, 'Cautín', 9);
INSERT INTO provincia (id_provincia, nombre, id_region) VALUES(92, 'Malleco', 9);
INSERT INTO provincia (id_provincia, nombre, id_region) VALUES(101, 'Llanquihue', 10);
INSERT INTO provincia (id_provincia, nombre, id_region) VALUES(102, 'Chiloé', 10);
INSERT INTO provincia (id_provincia, nombre, id_region) VALUES(103, 'Osorno', 10);
INSERT INTO provincia (id_provincia, nombre, id_region) VALUES(104, 'Palena', 10);
INSERT INTO provincia (id_provincia, nombre, id_region) VALUES(111, 'Coihaique', 11);
INSERT INTO provincia (id_provincia, nombre, id_region) VALUES(112, 'Aisén', 11);
INSERT INTO provincia (id_provincia, nombre, id_region) VALUES(113, 'Capitán Prat', 11);
INSERT INTO provincia (id_provincia, nombre, id_region) VALUES(114, 'General Carrera', 11);
INSERT INTO provincia (id_provincia, nombre, id_region) VALUES(121, 'Magallanes', 12);
INSERT INTO provincia (id_provincia, nombre, id_region) VALUES(122, 'Antártica Chilena', 12);
INSERT INTO provincia (id_provincia, nombre, id_region) VALUES(123, 'Tierra del Fuego', 12);
INSERT INTO provincia (id_provincia, nombre, id_region) VALUES(124, 'Última Esperanza', 12);
INSERT INTO provincia (id_provincia, nombre, id_region) VALUES(131, 'Santiago', 13);
INSERT INTO provincia (id_provincia, nombre, id_region) VALUES(132, 'Cordillera', 13);
INSERT INTO provincia (id_provincia, nombre, id_region) VALUES(133, 'Chacabuco', 13);
INSERT INTO provincia (id_provincia, nombre, id_region) VALUES(134, 'Maipo', 13);
INSERT INTO provincia (id_provincia, nombre, id_region) VALUES(135, 'Melipilla', 13);
INSERT INTO provincia (id_provincia, nombre, id_region) VALUES(136, 'Talagante', 13);
INSERT INTO provincia (id_provincia, nombre, id_region) VALUES(141, 'Valdivia', 14);
INSERT INTO provincia (id_provincia, nombre, id_region) VALUES(142, 'Ranco', 14);
INSERT INTO provincia (id_provincia, nombre, id_region) VALUES(151, 'Arica', 15);
INSERT INTO provincia (id_provincia, nombre, id_region) VALUES(152, 'Parinacota', 15);

--COMUNAS

INSERT INTO comuna (id_comuna, nombre) VALUES (1101, 'Iquique');
INSERT INTO comuna (id_comuna, nombre) VALUES (1107, 'Alto Hospicio');
INSERT INTO comuna (id_comuna, nombre) VALUES (1401, 'Pozo Almonte');
INSERT INTO comuna (id_comuna, nombre) VALUES (1402, 'Camiña');
INSERT INTO comuna (id_comuna, nombre) VALUES (1403, 'Colchane');
INSERT INTO comuna (id_comuna, nombre) VALUES (1404, 'Huara');
INSERT INTO comuna (id_comuna, nombre) VALUES (1405, 'Pica');
INSERT INTO comuna (id_comuna, nombre) VALUES (2101, 'Antofagasta');
INSERT INTO comuna (id_comuna, nombre) VALUES (2102, 'Mejillones');
INSERT INTO comuna (id_comuna, nombre) VALUES (2103, 'Sierra Gorda');
INSERT INTO comuna (id_comuna, nombre) VALUES (2104, 'Taltal');
INSERT INTO comuna (id_comuna, nombre) VALUES (2201, 'Calama');
INSERT INTO comuna (id_comuna, nombre) VALUES (2202, 'Ollagüe');
INSERT INTO comuna (id_comuna, nombre) VALUES (2203, 'San Pedro de Atacama');
INSERT INTO comuna (id_comuna, nombre) VALUES (2301, 'Tocopilla');
INSERT INTO comuna (id_comuna, nombre) VALUES (2302, 'María Elena');
INSERT INTO comuna (id_comuna, nombre) VALUES (3101, 'Copiapó');
INSERT INTO comuna (id_comuna, nombre) VALUES (3102, 'Caldera');
INSERT INTO comuna (id_comuna, nombre) VALUES (3103, 'Tierra Amarilla');
INSERT INTO comuna (id_comuna, nombre) VALUES (3201, 'Chañaral');
INSERT INTO comuna (id_comuna, nombre) VALUES (3202, 'Diego de Almagro');
INSERT INTO comuna (id_comuna, nombre) VALUES (3301, 'Vallenar');
INSERT INTO comuna (id_comuna, nombre) VALUES (3302, 'Alto del Carmen');
INSERT INTO comuna (id_comuna, nombre) VALUES (3303, 'Freirina');
INSERT INTO comuna (id_comuna, nombre) VALUES (3304, 'Huasco');
INSERT INTO comuna (id_comuna, nombre) VALUES (4101, 'La Serena');
INSERT INTO comuna (id_comuna, nombre) VALUES (4102, 'Coquimbo');
INSERT INTO comuna (id_comuna, nombre) VALUES (4103, 'Andacollo');
INSERT INTO comuna (id_comuna, nombre) VALUES (4104, 'La Higuera');
INSERT INTO comuna (id_comuna, nombre) VALUES (4105, 'Paiguano');
INSERT INTO comuna (id_comuna, nombre) VALUES (4106, 'Vicuña');
INSERT INTO comuna (id_comuna, nombre) VALUES (4201, 'Illapel');
INSERT INTO comuna (id_comuna, nombre) VALUES (4202, 'Canela');
INSERT INTO comuna (id_comuna, nombre) VALUES (4203, 'Los Vilos');
INSERT INTO comuna (id_comuna, nombre) VALUES (4204, 'Salamanca');
INSERT INTO comuna (id_comuna, nombre) VALUES (4301, 'Ovalle');
INSERT INTO comuna (id_comuna, nombre) VALUES (4302, 'Combarbalá');
INSERT INTO comuna (id_comuna, nombre) VALUES (4303, 'Monte Patria');
INSERT INTO comuna (id_comuna, nombre) VALUES (4304, 'Punitaqui');
INSERT INTO comuna (id_comuna, nombre) VALUES (4305, 'Río Hurtado');
INSERT INTO comuna (id_comuna, nombre) VALUES (5101, 'Valparaíso');
INSERT INTO comuna (id_comuna, nombre) VALUES (5102, 'Casablanca');
INSERT INTO comuna (id_comuna, nombre) VALUES (5103, 'Concón');
INSERT INTO comuna (id_comuna, nombre) VALUES (5104, 'Juan Fernández');
INSERT INTO comuna (id_comuna, nombre) VALUES (5105, 'Puchuncaví');
INSERT INTO comuna (id_comuna, nombre) VALUES (5107, 'Quintero');
INSERT INTO comuna (id_comuna, nombre) VALUES (5109, 'Viña del Mar');
INSERT INTO comuna (id_comuna, nombre) VALUES (5201, 'Isla de Pascua');
INSERT INTO comuna (id_comuna, nombre) VALUES (5301, 'Los Andes');
INSERT INTO comuna (id_comuna, nombre) VALUES (5302, 'Calle Larga');
INSERT INTO comuna (id_comuna, nombre) VALUES (5303, 'Rinconada');
INSERT INTO comuna (id_comuna, nombre) VALUES (5304, 'San Esteban');
INSERT INTO comuna (id_comuna, nombre) VALUES (5401, 'La Ligua');
INSERT INTO comuna (id_comuna, nombre) VALUES (5402, 'Cabildo');
INSERT INTO comuna (id_comuna, nombre) VALUES (5403, 'Papudo');
INSERT INTO comuna (id_comuna, nombre) VALUES (5404, 'Petorca');
INSERT INTO comuna (id_comuna, nombre) VALUES (5405, 'Zapallar');
INSERT INTO comuna (id_comuna, nombre) VALUES (5501, 'Quillota');
INSERT INTO comuna (id_comuna, nombre) VALUES (5502, 'Calera');
INSERT INTO comuna (id_comuna, nombre) VALUES (5503, 'Hijuelas');
INSERT INTO comuna (id_comuna, nombre) VALUES (5504, 'La Cruz');
INSERT INTO comuna (id_comuna, nombre) VALUES (5506, 'Nogales');
INSERT INTO comuna (id_comuna, nombre) VALUES (5601, 'San Antonio');
INSERT INTO comuna (id_comuna, nombre) VALUES (5602, 'Algarrobo');
INSERT INTO comuna (id_comuna, nombre) VALUES (5603, 'Cartagena');
INSERT INTO comuna (id_comuna, nombre) VALUES (5604, 'El Quisco');
INSERT INTO comuna (id_comuna, nombre) VALUES (5605, 'El Tabo');
INSERT INTO comuna (id_comuna, nombre) VALUES (5606, 'Santo Domingo');
INSERT INTO comuna (id_comuna, nombre) VALUES (5701, 'San Felipe');
INSERT INTO comuna (id_comuna, nombre) VALUES (5702, 'Catemu');
INSERT INTO comuna (id_comuna, nombre) VALUES (5703, 'Llaillay');
INSERT INTO comuna (id_comuna, nombre) VALUES (5704, 'Panquehue');
INSERT INTO comuna (id_comuna, nombre) VALUES (5705, 'Putaendo');
INSERT INTO comuna (id_comuna, nombre) VALUES (5706, 'Santa María');
INSERT INTO comuna (id_comuna, nombre) VALUES (5801, 'Quilpué');
INSERT INTO comuna (id_comuna, nombre) VALUES (5802, 'Limache');
INSERT INTO comuna (id_comuna, nombre) VALUES (5803, 'Olmué');
INSERT INTO comuna (id_comuna, nombre) VALUES (5804, 'Villa Alemana');
INSERT INTO comuna (id_comuna, nombre) VALUES (6101, 'Rancagua');
INSERT INTO comuna (id_comuna, nombre) VALUES (6102, 'Codegua');
INSERT INTO comuna (id_comuna, nombre) VALUES (6103, 'Coinco');
INSERT INTO comuna (id_comuna, nombre) VALUES (6104, 'Coltauco');
INSERT INTO comuna (id_comuna, nombre) VALUES (6105, 'Doñihue');
INSERT INTO comuna (id_comuna, nombre) VALUES (6106, 'Graneros');
INSERT INTO comuna (id_comuna, nombre) VALUES (6107, 'Las Cabras');
INSERT INTO comuna (id_comuna, nombre) VALUES (6108, 'Machalí');
INSERT INTO comuna (id_comuna, nombre) VALUES (6109, 'Malloa');
INSERT INTO comuna (id_comuna, nombre) VALUES (6110, 'Mostazal');
INSERT INTO comuna (id_comuna, nombre) VALUES (6111, 'Olivar');
INSERT INTO comuna (id_comuna, nombre) VALUES (6112, 'Peumo');
INSERT INTO comuna (id_comuna, nombre) VALUES (6113, 'Pichidegua');
INSERT INTO comuna (id_comuna, nombre) VALUES (6114, 'Quinta de Tilcoco');
INSERT INTO comuna (id_comuna, nombre) VALUES (6115, 'Rengo');
INSERT INTO comuna (id_comuna, nombre) VALUES (6116, 'Requínoa');
INSERT INTO comuna (id_comuna, nombre) VALUES (6117, 'San Vicente');
INSERT INTO comuna (id_comuna, nombre) VALUES (6201, 'Pichilemu');
INSERT INTO comuna (id_comuna, nombre) VALUES (6202, 'La Estrella');
INSERT INTO comuna (id_comuna, nombre) VALUES (6203, 'Litueche');
INSERT INTO comuna (id_comuna, nombre) VALUES (6204, 'Marchihue');
INSERT INTO comuna (id_comuna, nombre) VALUES (6205, 'Navidad');
INSERT INTO comuna (id_comuna, nombre) VALUES (6206, 'Paredones');
INSERT INTO comuna (id_comuna, nombre) VALUES (6301, 'San Fernando');
INSERT INTO comuna (id_comuna, nombre) VALUES (6302, 'Chépica');
INSERT INTO comuna (id_comuna, nombre) VALUES (6303, 'Chimbarongo');
INSERT INTO comuna (id_comuna, nombre) VALUES (6304, 'Lolol');
INSERT INTO comuna (id_comuna, nombre) VALUES (6305, 'Nancagua');
INSERT INTO comuna (id_comuna, nombre) VALUES (6306, 'Palmilla');
INSERT INTO comuna (id_comuna, nombre) VALUES (6307, 'Peralillo');
INSERT INTO comuna (id_comuna, nombre) VALUES (6308, 'Placilla');
INSERT INTO comuna (id_comuna, nombre) VALUES (6309, 'Pumanque');
INSERT INTO comuna (id_comuna, nombre) VALUES (6310, 'Santa Cruz');
INSERT INTO comuna (id_comuna, nombre) VALUES (7101, 'Talca');
INSERT INTO comuna (id_comuna, nombre) VALUES (7102, 'Constitución');
INSERT INTO comuna (id_comuna, nombre) VALUES (7103, 'Curepto');
INSERT INTO comuna (id_comuna, nombre) VALUES (7104, 'Empedrado');
INSERT INTO comuna (id_comuna, nombre) VALUES (7105, 'Maule');
INSERT INTO comuna (id_comuna, nombre) VALUES (7106, 'Pelarco');
INSERT INTO comuna (id_comuna, nombre) VALUES (7107, 'Pencahue');
INSERT INTO comuna (id_comuna, nombre) VALUES (7108, 'Río Claro');
INSERT INTO comuna (id_comuna, nombre) VALUES (7109, 'San Clemente');
INSERT INTO comuna (id_comuna, nombre) VALUES (7110, 'San Rafael');
INSERT INTO comuna (id_comuna, nombre) VALUES (7201, 'Cauquenes');
INSERT INTO comuna (id_comuna, nombre) VALUES (7202, 'Chanco');
INSERT INTO comuna (id_comuna, nombre) VALUES (7203, 'Pelluhue');
INSERT INTO comuna (id_comuna, nombre) VALUES (7301, 'Curicó');
INSERT INTO comuna (id_comuna, nombre) VALUES (7302, 'Hualañé');
INSERT INTO comuna (id_comuna, nombre) VALUES (7303, 'Licantén');
INSERT INTO comuna (id_comuna, nombre) VALUES (7304, 'Molina');
INSERT INTO comuna (id_comuna, nombre) VALUES (7305, 'Rauco');
INSERT INTO comuna (id_comuna, nombre) VALUES (7306, 'Romeral');
INSERT INTO comuna (id_comuna, nombre) VALUES (7307, 'Sagrada Familia');
INSERT INTO comuna (id_comuna, nombre) VALUES (7308, 'Teno');
INSERT INTO comuna (id_comuna, nombre) VALUES (7309, 'Vichuquén');
INSERT INTO comuna (id_comuna, nombre) VALUES (7401, 'Linares');
INSERT INTO comuna (id_comuna, nombre) VALUES (7402, 'Colbún');
INSERT INTO comuna (id_comuna, nombre) VALUES (7403, 'Longaví');
INSERT INTO comuna (id_comuna, nombre) VALUES (7404, 'Parral');
INSERT INTO comuna (id_comuna, nombre) VALUES (7405, 'Retiro');
INSERT INTO comuna (id_comuna, nombre) VALUES (7406, 'San Javier');
INSERT INTO comuna (id_comuna, nombre) VALUES (7407, 'Villa Alegre');
INSERT INTO comuna (id_comuna, nombre) VALUES (7408, 'Yerbas Buenas');
INSERT INTO comuna (id_comuna, nombre) VALUES (8101, 'Concepción');
INSERT INTO comuna (id_comuna, nombre) VALUES (8102, 'Coronel');
INSERT INTO comuna (id_comuna, nombre) VALUES (8103, 'Chiguayante');
INSERT INTO comuna (id_comuna, nombre) VALUES (8104, 'Florida');
INSERT INTO comuna (id_comuna, nombre) VALUES (8105, 'Hualqui');
INSERT INTO comuna (id_comuna, nombre) VALUES (8106, 'Lota');
INSERT INTO comuna (id_comuna, nombre) VALUES (8107, 'Penco');
INSERT INTO comuna (id_comuna, nombre) VALUES (8108, 'San Pedro de la Paz');
INSERT INTO comuna (id_comuna, nombre) VALUES (8109, 'Santa Juana');
INSERT INTO comuna (id_comuna, nombre) VALUES (8110, 'Talcahuano');
INSERT INTO comuna (id_comuna, nombre) VALUES (8111, 'Tomé');
INSERT INTO comuna (id_comuna, nombre) VALUES (8112, 'Hualpén');
INSERT INTO comuna (id_comuna, nombre) VALUES (8201, 'Lebu');
INSERT INTO comuna (id_comuna, nombre) VALUES (8202, 'Arauco');
INSERT INTO comuna (id_comuna, nombre) VALUES (8203, 'Cañete');
INSERT INTO comuna (id_comuna, nombre) VALUES (8204, 'Contulmo');
INSERT INTO comuna (id_comuna, nombre) VALUES (8205, 'Curanilahue');
INSERT INTO comuna (id_comuna, nombre) VALUES (8206, 'Los Álamos');
INSERT INTO comuna (id_comuna, nombre) VALUES (8207, 'Tirúa');
INSERT INTO comuna (id_comuna, nombre) VALUES (8301, 'Los Ángeles');
INSERT INTO comuna (id_comuna, nombre) VALUES (8302, 'Antuco');
INSERT INTO comuna (id_comuna, nombre) VALUES (8303, 'Cabrero');
INSERT INTO comuna (id_comuna, nombre) VALUES (8304, 'Laja');
INSERT INTO comuna (id_comuna, nombre) VALUES (8305, 'Mulchén');
INSERT INTO comuna (id_comuna, nombre) VALUES (8306, 'Nacimiento');
INSERT INTO comuna (id_comuna, nombre) VALUES (8307, 'Negrete');
INSERT INTO comuna (id_comuna, nombre) VALUES (8308, 'Quilaco');
INSERT INTO comuna (id_comuna, nombre) VALUES (8309, 'Quilleco');
INSERT INTO comuna (id_comuna, nombre) VALUES (8310, 'San Rosendo');
INSERT INTO comuna (id_comuna, nombre) VALUES (8311, 'Santa Bárbara');
INSERT INTO comuna (id_comuna, nombre) VALUES (8312, 'Tucapel');
INSERT INTO comuna (id_comuna, nombre) VALUES (8313, 'Yumbel');
INSERT INTO comuna (id_comuna, nombre) VALUES (8314, 'Alto Biobío');
INSERT INTO comuna (id_comuna, nombre) VALUES (8401, 'Chillán');
INSERT INTO comuna (id_comuna, nombre) VALUES (8402, 'Bulnes');
INSERT INTO comuna (id_comuna, nombre) VALUES (8403, 'Cobquecura');
INSERT INTO comuna (id_comuna, nombre) VALUES (8404, 'Coelemu');
INSERT INTO comuna (id_comuna, nombre) VALUES (8405, 'Coihueco');
INSERT INTO comuna (id_comuna, nombre) VALUES (8406, 'Chillán Viejo');
INSERT INTO comuna (id_comuna, nombre) VALUES (8407, 'El Carmen');
INSERT INTO comuna (id_comuna, nombre) VALUES (8408, 'Ninhue');
INSERT INTO comuna (id_comuna, nombre) VALUES (8409, 'Ñiquén');
INSERT INTO comuna (id_comuna, nombre) VALUES (8410, 'Pemuco');
INSERT INTO comuna (id_comuna, nombre) VALUES (8411, 'Pinto');
INSERT INTO comuna (id_comuna, nombre) VALUES (8412, 'Portezuelo');
INSERT INTO comuna (id_comuna, nombre) VALUES (8413, 'Quillón');
INSERT INTO comuna (id_comuna, nombre) VALUES (8414, 'Quirihue');
INSERT INTO comuna (id_comuna, nombre) VALUES (8415, 'Ránquil');
INSERT INTO comuna (id_comuna, nombre) VALUES (8416, 'San Carlos');
INSERT INTO comuna (id_comuna, nombre) VALUES (8417, 'San Fabián');
INSERT INTO comuna (id_comuna, nombre) VALUES (8418, 'San Ignacio');
INSERT INTO comuna (id_comuna, nombre) VALUES (8419, 'San Nicolás');
INSERT INTO comuna (id_comuna, nombre) VALUES (8420, 'Treguaco');
INSERT INTO comuna (id_comuna, nombre) VALUES (8421, 'Yungay');
INSERT INTO comuna (id_comuna, nombre) VALUES (9101, 'Temuco');
INSERT INTO comuna (id_comuna, nombre) VALUES (9102, 'Carahue');
INSERT INTO comuna (id_comuna, nombre) VALUES (9103, 'Cunco');
INSERT INTO comuna (id_comuna, nombre) VALUES (9104, 'Curarrehue');
INSERT INTO comuna (id_comuna, nombre) VALUES (9105, 'Freire');
INSERT INTO comuna (id_comuna, nombre) VALUES (9106, 'Galvarino');
INSERT INTO comuna (id_comuna, nombre) VALUES (9107, 'Gorbea');
INSERT INTO comuna (id_comuna, nombre) VALUES (9108, 'Lautaro');
INSERT INTO comuna (id_comuna, nombre) VALUES (9109, 'Loncoche');
INSERT INTO comuna (id_comuna, nombre) VALUES (9110, 'Melipeuco');
INSERT INTO comuna (id_comuna, nombre) VALUES (9111, 'Nueva Imperial');
INSERT INTO comuna (id_comuna, nombre) VALUES (9112, 'Padre las Casas');
INSERT INTO comuna (id_comuna, nombre) VALUES (9113, 'Perquenco');
INSERT INTO comuna (id_comuna, nombre) VALUES (9114, 'Pitrufquén');
INSERT INTO comuna (id_comuna, nombre) VALUES (9115, 'Pucón');
INSERT INTO comuna (id_comuna, nombre) VALUES (9116, 'Saavedra');
INSERT INTO comuna (id_comuna, nombre) VALUES (9117, 'Teodoro Schmidt');
INSERT INTO comuna (id_comuna, nombre) VALUES (9118, 'Toltén');
INSERT INTO comuna (id_comuna, nombre) VALUES (9119, 'Vilcún');
INSERT INTO comuna (id_comuna, nombre) VALUES (9120, 'Villarrica');
INSERT INTO comuna (id_comuna, nombre) VALUES (9121, 'Cholchol');
INSERT INTO comuna (id_comuna, nombre) VALUES (9201, 'Angol');
INSERT INTO comuna (id_comuna, nombre) VALUES (9202, 'Collipulli');
INSERT INTO comuna (id_comuna, nombre) VALUES (9203, 'Curacautín');
INSERT INTO comuna (id_comuna, nombre) VALUES (9204, 'Ercilla');
INSERT INTO comuna (id_comuna, nombre) VALUES (9205, 'Lonquimay');
INSERT INTO comuna (id_comuna, nombre) VALUES (9206, 'Los Sauces');
INSERT INTO comuna (id_comuna, nombre) VALUES (9207, 'Lumaco');
INSERT INTO comuna (id_comuna, nombre) VALUES (9208, 'Purén');
INSERT INTO comuna (id_comuna, nombre) VALUES (9209, 'Renaico');
INSERT INTO comuna (id_comuna, nombre) VALUES (9210, 'Traiguén');
INSERT INTO comuna (id_comuna, nombre) VALUES (9211, 'Victoria');
INSERT INTO comuna (id_comuna, nombre) VALUES (10101, 'Puerto Montt');
INSERT INTO comuna (id_comuna, nombre) VALUES (10102, 'Calbuco');
INSERT INTO comuna (id_comuna, nombre) VALUES (10103, 'Cochamó');
INSERT INTO comuna (id_comuna, nombre) VALUES (10104, 'Fresia');
INSERT INTO comuna (id_comuna, nombre) VALUES (10105, 'Frutillar');
INSERT INTO comuna (id_comuna, nombre) VALUES (10106, 'Los Muermos');
INSERT INTO comuna (id_comuna, nombre) VALUES (10107, 'Llanquihue');
INSERT INTO comuna (id_comuna, nombre) VALUES (10108, 'Maullín');
INSERT INTO comuna (id_comuna, nombre) VALUES (10109, 'Puerto Varas');
INSERT INTO comuna (id_comuna, nombre) VALUES (10201, 'Castro');
INSERT INTO comuna (id_comuna, nombre) VALUES (10202, 'Ancud');
INSERT INTO comuna (id_comuna, nombre) VALUES (10203, 'Chonchi');
INSERT INTO comuna (id_comuna, nombre) VALUES (10204, 'Curaco de Vélez');
INSERT INTO comuna (id_comuna, nombre) VALUES (10205, 'Dalcahue');
INSERT INTO comuna (id_comuna, nombre) VALUES (10206, 'Puqueldón');
INSERT INTO comuna (id_comuna, nombre) VALUES (10207, 'Queilén');
INSERT INTO comuna (id_comuna, nombre) VALUES (10208, 'Quellón');
INSERT INTO comuna (id_comuna, nombre) VALUES (10209, 'Quemchi');
INSERT INTO comuna (id_comuna, nombre) VALUES (10210, 'Quinchao');
INSERT INTO comuna (id_comuna, nombre) VALUES (10301, 'Osorno');
INSERT INTO comuna (id_comuna, nombre) VALUES (10302, 'Puerto Octay');
INSERT INTO comuna (id_comuna, nombre) VALUES (10303, 'Purranque');
INSERT INTO comuna (id_comuna, nombre) VALUES (10304, 'Puyehue');
INSERT INTO comuna (id_comuna, nombre) VALUES (10305, 'Río Negro');
INSERT INTO comuna (id_comuna, nombre) VALUES (10306, 'San Juan de la Costa');
INSERT INTO comuna (id_comuna, nombre) VALUES (10307, 'San Pablo');
INSERT INTO comuna (id_comuna, nombre) VALUES (10401, 'Chaitén');
INSERT INTO comuna (id_comuna, nombre) VALUES (10402, 'Futaleufú');
INSERT INTO comuna (id_comuna, nombre) VALUES (10403, 'Hualaihué');
INSERT INTO comuna (id_comuna, nombre) VALUES (10404, 'Palena');
INSERT INTO comuna (id_comuna, nombre) VALUES (11101, 'Coihaique');
INSERT INTO comuna (id_comuna, nombre) VALUES (11102, 'Lago Verde');
INSERT INTO comuna (id_comuna, nombre) VALUES (11201, 'Aisén');
INSERT INTO comuna (id_comuna, nombre) VALUES (11202, 'Cisnes');
INSERT INTO comuna (id_comuna, nombre) VALUES (11203, 'Guaitecas');
INSERT INTO comuna (id_comuna, nombre) VALUES (11301, 'Cochrane');
INSERT INTO comuna (id_comuna, nombre) VALUES (11302, 'O’Higgins');
INSERT INTO comuna (id_comuna, nombre) VALUES (11303, 'Tortel');
INSERT INTO comuna (id_comuna, nombre) VALUES (11401, 'Chile Chico');
INSERT INTO comuna (id_comuna, nombre) VALUES (11402, 'Río Ibáñez');
INSERT INTO comuna (id_comuna, nombre) VALUES (12101, 'Punta Arenas');
INSERT INTO comuna (id_comuna, nombre) VALUES (12102, 'Laguna Blanca');
INSERT INTO comuna (id_comuna, nombre) VALUES (12103, 'Río Verde');
INSERT INTO comuna (id_comuna, nombre) VALUES (12104, 'San Gregorio');
INSERT INTO comuna (id_comuna, nombre) VALUES (12201, 'Cabo de Hornos');
INSERT INTO comuna (id_comuna, nombre) VALUES (12202, 'Antártica');
INSERT INTO comuna (id_comuna, nombre) VALUES (12301, 'Porvenir');
INSERT INTO comuna (id_comuna, nombre) VALUES (12302, 'Primavera');
INSERT INTO comuna (id_comuna, nombre) VALUES (12303, 'Timaukel');
INSERT INTO comuna (id_comuna, nombre) VALUES (12401, 'Natales');
INSERT INTO comuna (id_comuna, nombre) VALUES (12402, 'Torres del Paine');
INSERT INTO comuna (id_comuna, nombre) VALUES (13101, 'Santiago');
INSERT INTO comuna (id_comuna, nombre) VALUES (13102, 'Cerrillos');
INSERT INTO comuna (id_comuna, nombre) VALUES (13103, 'Cerro Navia');
INSERT INTO comuna (id_comuna, nombre) VALUES (13104, 'Conchalí');
INSERT INTO comuna (id_comuna, nombre) VALUES (13105, 'El Bosque');
INSERT INTO comuna (id_comuna, nombre) VALUES (13106, 'Estación Central');
INSERT INTO comuna (id_comuna, nombre) VALUES (13107, 'Huechuraba');
INSERT INTO comuna (id_comuna, nombre) VALUES (13108, 'Independencia');
INSERT INTO comuna (id_comuna, nombre) VALUES (13109, 'La Cisterna');
INSERT INTO comuna (id_comuna, nombre) VALUES (13110, 'La Florida');
INSERT INTO comuna (id_comuna, nombre) VALUES (13111, 'La Granja');
INSERT INTO comuna (id_comuna, nombre) VALUES (13112, 'La Pintana');
INSERT INTO comuna (id_comuna, nombre) VALUES (13113, 'La Reina');
INSERT INTO comuna (id_comuna, nombre) VALUES (13114, 'Las Condes');
INSERT INTO comuna (id_comuna, nombre) VALUES (13115, 'Lo Barnechea');
INSERT INTO comuna (id_comuna, nombre) VALUES (13116, 'Lo Espejo');
INSERT INTO comuna (id_comuna, nombre) VALUES (13117, 'Lo Prado');
INSERT INTO comuna (id_comuna, nombre) VALUES (13118, 'Macul');
INSERT INTO comuna (id_comuna, nombre) VALUES (13119, 'Maipú');
INSERT INTO comuna (id_comuna, nombre) VALUES (13120, 'Ñuñoa');
INSERT INTO comuna (id_comuna, nombre) VALUES (13121, 'Pedro Aguirre Cerda');
INSERT INTO comuna (id_comuna, nombre) VALUES (13122, 'Peñalolén');
INSERT INTO comuna (id_comuna, nombre) VALUES (13123, 'Providencia');
INSERT INTO comuna (id_comuna, nombre) VALUES (13124, 'Pudahuel');
INSERT INTO comuna (id_comuna, nombre) VALUES (13125, 'Quilicura');
INSERT INTO comuna (id_comuna, nombre) VALUES (13126, 'Quinta Normal');
INSERT INTO comuna (id_comuna, nombre) VALUES (13127, 'Recoleta');
INSERT INTO comuna (id_comuna, nombre) VALUES (13128, 'Renca');
INSERT INTO comuna (id_comuna, nombre) VALUES (13129, 'San Joaquín');
INSERT INTO comuna (id_comuna, nombre) VALUES (13130, 'San Miguel');
INSERT INTO comuna (id_comuna, nombre) VALUES (13131, 'San Ramón');
INSERT INTO comuna (id_comuna, nombre) VALUES (13132, 'Vitacura');
INSERT INTO comuna (id_comuna, nombre) VALUES (13201, 'Puente Alto');
INSERT INTO comuna (id_comuna, nombre) VALUES (13202, 'Pirque');
INSERT INTO comuna (id_comuna, nombre) VALUES (13203, 'San José de Maipo');
INSERT INTO comuna (id_comuna, nombre) VALUES (13301, 'Colina');
INSERT INTO comuna (id_comuna, nombre) VALUES (13302, 'Lampa');
INSERT INTO comuna (id_comuna, nombre) VALUES (13303, 'Tiltil');
INSERT INTO comuna (id_comuna, nombre) VALUES (13401, 'San Bernardo');
INSERT INTO comuna (id_comuna, nombre) VALUES (13402, 'Buin');
INSERT INTO comuna (id_comuna, nombre) VALUES (13403, 'Calera de Tango');
INSERT INTO comuna (id_comuna, nombre) VALUES (13404, 'Paine');
INSERT INTO comuna (id_comuna, nombre) VALUES (13501, 'Melipilla');
INSERT INTO comuna (id_comuna, nombre) VALUES (13502, 'Alhué');
INSERT INTO comuna (id_comuna, nombre) VALUES (13503, 'Curacaví');
INSERT INTO comuna (id_comuna, nombre) VALUES (13504, 'María Pinto');
INSERT INTO comuna (id_comuna, nombre) VALUES (13505, 'San Pedro');
INSERT INTO comuna (id_comuna, nombre) VALUES (13601, 'Talagante');
INSERT INTO comuna (id_comuna, nombre) VALUES (13602, 'El Monte');
INSERT INTO comuna (id_comuna, nombre) VALUES (13603, 'Isla de Maipo');
INSERT INTO comuna (id_comuna, nombre) VALUES (13604, 'Padre Hurtado');
INSERT INTO comuna (id_comuna, nombre) VALUES (13605, 'Peñaflor');
INSERT INTO comuna (id_comuna, nombre) VALUES (14101, 'Valdivia');
INSERT INTO comuna (id_comuna, nombre) VALUES (14102, 'Corral');
INSERT INTO comuna (id_comuna, nombre) VALUES (14103, 'Lanco');
INSERT INTO comuna (id_comuna, nombre) VALUES (14104, 'Los Lagos');
INSERT INTO comuna (id_comuna, nombre) VALUES (14105, 'Máfil');
INSERT INTO comuna (id_comuna, nombre) VALUES (14106, 'Mariquina');
INSERT INTO comuna (id_comuna, nombre) VALUES (14107, 'Paillaco');
INSERT INTO comuna (id_comuna, nombre) VALUES (14108, 'Panguipulli');
INSERT INTO comuna (id_comuna, nombre) VALUES (14201, 'La Unión');
INSERT INTO comuna (id_comuna, nombre) VALUES (14202, 'Futrono');
INSERT INTO comuna (id_comuna, nombre) VALUES (14203, 'Lago Ranco');
INSERT INTO comuna (id_comuna, nombre) VALUES (14204, 'Río Bueno');
INSERT INTO comuna (id_comuna, nombre) VALUES (15101, 'Arica');
INSERT INTO comuna (id_comuna, nombre) VALUES (15102, 'Camarones');
INSERT INTO comuna (id_comuna, nombre) VALUES (15201, 'Putre');
INSERT INTO comuna (id_comuna, nombre) VALUES (15202, 'General Lagos');
